name,formula,state,formula_raw,phase_flag,mw,hf298,T_low,T_high,dh298_0,a1,a2,a3,a4,a5,a6,a7,b1,b2,eq
carbon dioxide,CO2,g,C   1.00O   2.00    0.00    0.00    0.00,0,44.0095,-393510,1000,6000,9365.469,117696.9434,-1788.801467,8.29154353,-9.22E-05,4.87E-09,-1.89E-12,6.33E-16,-39083.4501,-26.52683962,1
carbon monoxide,CO,g,C   1.00O   1.00    0.00    0.00    0.00,0,28.0101,-110530,1000,6000,8671,461915.856,-1944.685748,5.91664709,-0.000566423,1.40E-07,-1.79E-11,9.62E-16,-2465.738441,-13.87402604,1
dihydrogen,H2,g,H   2.00    0.00    0.00    0.00    0.00,0,2.01588,0,1000,6000,8468.102,560812.338,-837.149134,2.97536304,0.00125225,-3.74E-07,5.94E-11,-3.61E-15,5339.81585,-2.20276405,1
dihydrogen monoxide,H2O,g,H   2.00O   1.00    0.00    0.00    0.00,0,18.01528,-241826,1000,6000,9904.092,1034972.096,-2412.698562,4.64611078,0.002291998,-6.84E-07,9.43E-11,-4.82E-15,-13842.86509,-7.97814851,1
dioxygen,O2,g,O   2.00    0.00    0.00    0.00    0.00,0,31.9988,0,1000,6000,8680.104,-1037939.022,2344.830282,1.819732036,0.001267848,-2.19E-07,2.05E-11,-8.19E-16,-16890.10929,17.38716506,1
methane,CH4,g,C   1.00H   4.00    0.00    0.00    0.00,0,16.04246,-74600,1000,6000,10016.198,3746265.7,-13888.5134,20.5402982,-0.001944197,4.32E-07,-4.06E-11,1.64E-15,75659.8868,-122.2977672,1
methanol,CH4O,g,C   1.00H   4.00O   1.00    0.00    0.00,0,32.04186,-200940,1000,6000,11435.277,3411560.75,-13454.9745,22.614046,-0.002141012,3.73E-07,-3.50E-11,1.37E-15,56360.6386,-127.781226,1
ethanol,C2H6O,g,C   2.00H   6.00O   1.00    0.00    0.00,0,46.06844,-234950,1000,6000,14541.926,4694781.59,-19297.89472,34.4757599,-0.00323613,5.78E-07,-5.56E-11,2.23E-15,86015.652,-203.4795998,1
dimethyl ether,C2H6O,g,C   2.00H   6.00O   1.00    0.00    0.00,0,46.06844,-184110,1000,6000,14354.432,4933577.31,-20830.9438,36.2905242,-0.004108366,7.90E-07,-8.13E-11,3.46E-15,101330.118,-218.544815,1