name,formula,state,formula_raw,phase_flag,mw,hf298,T_low,T_high,dh298_0,a1,a2,a3,a4,a5,a6,a7,b1,b2,eq
carbon dioxide,CO2,g,C   1.00O   2.00    0.00    0.00    0.00,0,44.0095,-393510,200,1000,9365.469,49437.8364,-626.429208,5.30181336,0.002503601,-2.12E-07,-7.69E-10,2.85E-13,-45281.8986,-7.0487901,1
carbon monoxide,CO,g,C   1.00O   1.00    0.00    0.00    0.00,0,28.0101,-110530,200,1000,8671,14890.27557,-292.2250947,5.72445841,-0.008176137,1.46E-05,-1.09E-08,3.03E-12,-13030.69697,-7.859179282,1
dioxygen,O2,g,O   2.00    0.00    0.00    0.00    0.00,0,31.9988,0,200,1000,8680.104,-34255.6342,484.700097,1.119010961,0.004293889,-6.84E-07,-2.02E-09,1.04E-12,-3391.45487,18.4969947,1
dihydrogen,H2,g,H   2.00    0.00    0.00    0.00    0.00,0,2.01588,0,200,1000,8468.102,40783.2281,-800.918545,8.21470167,-0.012697144,1.75E-05,-1.20E-08,3.37E-12,2682.48438,-30.4378866,1
dihydrogen monoxide,H2O,g,H   2.00O   1.00    0.00    0.00    0.00,0,18.01528,-241826,200,1000,9904.092,-39479.6083,575.573102,0.931782653,0.007222713,-7.34E-06,4.96E-09,-1.34E-12,-33039.7431,17.24205775,1
methane,CH4,g,C   1.00H   4.00    0.00    0.00    0.00,0,16.04246,-74600,200,1000,10016.198,-176654.573,2785.47782,-12.0193547,0.039146259,-3.61E-05,2.02E-08,-4.96E-12,-23310.1156,89.0107539,1
methanol,CH4O,g,C   1.00H   4.00O   1.00    0.00    0.00,0,32.04186,-200940,200,1000,11435.277,-241663.747,4032.13812,-20.4640954,0.069036793,-7.60E-05,4.60E-08,-1.16E-11,-44332.5697,140.013886,1
ethanol,C2H6O,g,C   2.00H   6.00O   1.00    0.00    0.00,0,46.06844,-234950,200,1000,14541.926,-234281.0005,4479.20556,-27.44830238,0.10886825,-0.000130531,8.44E-08,-2.23E-11,-50222.4115,176.4836305,1
dimethyl ether,C2H6O,g,C   2.00H   6.00O   1.00    0.00    0.00,0,46.06844,-184110,200,1000,14354.432,-269308.197,4300.69231,-21.5278233,0.081318339,-8.30E-05,4.80E-08,-1.19E-11,-44102.2807,146.766362,1